Id,x1,y1,x2,y2
4011,65,580.3333740234375,147.2916717529297,602.3333740234375
4021,65,517.3333740234375,158.4166717529297,539.3333740234375
4031,65,526.3333740234375,121.72916793823242,548.3333740234375
4032,65,604.3333740234375,158.4166717529297,626.3333740234375
4041,65,517.3333740234375,158.4166717529297,539.3333740234375
4051,65,478.3333435058594,121.72916793823242,500.3333435058594
4052,65,595.3333740234375,158.4166717529297,617.3333740234375
